index,budget
count,32540.0
mean,543126.5852489244
std,4542667.811451122
min,0.0
25%,0.0
50%,0.0
75%,0.0
max,200000000.0
